1,Doug,Liman
2,Steven,Spielberg
3,Brett,Ratner
4,Roman,Polanski
5,Chris,Columbus
6,Sam,Raimi
7,Fernando,Meirelles
8,Peter,Jackson
9,George,Lucas
10,Kevin,Reynolds
11,Steven,Shainberg
12,M.,Night Shyamalan
13,Gaspar,Noé
14,Adrian,Lyne
15,Paul,W.S. Anderson
16,Raja,Gosnell
17,Chris,Wedge
18,Martin,Scorsese
19,Sam,Mendes
20,Danny,Boyle
21,Gore,Verbinski
22,Curtis,Hanson
23,Dean,DeBlois
24,Rob,Marshall
25,Andy,Tennant
26,Jay,Roach
27,Steve,Beck
28,Christopher,Nolan
29,Barry,Sonnenfeld
30,Ron,Clements
31,Chris,Weitz
32,Adam,Shankman
33,Kurt,Wimmer
34,Spike,Jonze
35,Paul,Thomas Anderson
36,Stuart,Baird
37,Randall,Wallace
38,Steven,Brill
39,Simon,Wells
40,Joel,Zwick
41,Joel,Schumacher
42,Kaige,Chen
43,Guillermo,del Toro
44,Tom,Brady
45,Gurinder,Chadha
46,Rob,Bowman
47,David,Fincher
48,Lee,Tamahori
49,Walt,Becker
50,Stephen,Daldry
51,Rob,Cohen
52,Kelly,Asbury
53,Yimou,Zhang
54,Nick,Cassavetes
55,Barbet,Schroeder
56,Mark,Romanek
57,Chuck,Russell
58,Roger,Avary
59,Julie,Taymor
60,Alain,Chabat
61,Louis,Leterrier
62,Eli,Roth
63,Rick,Rosenthal
64,Larry,Clark
65,Perry,Andelin Blake
66,Marc,Lawrence
67,Phil,Alden Robinson
68,John,Lee Hancock
69,Wayne,Wang
70,Alexander,Payne
71,Justin,Lin
72,Michael,Rymer
73,Ed,Decter
74,Jonas,Åkerlund
75,Carl,Franklin
76,John,Schultz
77,Spike,Lee
78,Burr,Steers
79,Neil,Marshall
80,George,Clooney
81,Michael,Apted
82,Roger,Kumble
83,Michael,Lehmann
84,Robert,Rodriguez
85,John,Stockwell
86,Mark,Mylod
87,Park,Chan-wook
88,Andrew,Lau
89,Pedro,Almodóvar
90,Kathryn,Bigelow
91,Steven,Soderbergh
92,Tamra,Davis
93,Gregory,Hoblit
94,Brian,De Palma
95,Ellory,Elkayem
96,Hiroyuki,Morita
97,Todd,Haynes
98,David,Jacobson
99,Charles,Stone III
100,Mark,Pellington
101,Callie,Khouri
102,Lucky,McKee
103,Jake,Kasdan
104,Michael,Winterbottom
105,Shawn,Levy
106,Jay,Russell
107,Don,Coscarelli
108,Steve,Oedekerk
109,Jonas,Quastel
110,Cédric,Klapisch
111,Lukas,Moodysson
112,Kevin,Donovan
113,Andrzej,Sekula
114,Denzel,Washington
115,Michael,Caton-Jones
116,Guy,Ritchie
117,Douglas,McGrath
118,Bob,Gale
119,Anthony,Abrams
120,Ron,Shelton
121,Mort,Nathan
122,Jean-Claude,Brisseau
123,Miguel,Arteta
124,Stephen,Herek
125,Danny,DeVito
126,Jim,Gillespie
127,Andrew,Niccol
128,Peter,Kosminsky
129,David,Hillenbrand
130,Walter,Hill
131,John,Woo
132,Takashi,Shimizu
133,Marcus,Raboy
134,Oliver,Parker
135,Niki,Caro
136,Sanjay,Leela Bhansali
137,Ron,Underwood
138,Roger,Michell
139,Phillip,Noyce
140,Paul,Schrader
141,Clint,Eastwood
142,Malcolm,D. Lee
143,Tim,Story
144,Yôji,Yamada
145,M.J.,Bassett
146,Robin,Budd
147,Stephen,Frears
148,Shekhar,Kapur
149,Seth,Kearsley
150,Wallace,Wolodarsky
151,Andrew,Davis
152,David,Cronenberg
153,Brian,Levant
154,D.J.,Caruso
155,Rob,Minkoff
156,Jonathan,Frakes
157,Stephan,Brenninkmeijer
158,François,Ozon
159,John,Polson
160,Peter,Mullan
161,Tom,Shadyac
162,John,McTiernan
163,Michael,Dowse
164,Mars,Callahan
165,David,Twohy
166,Matthew,Bright
167,Reginald,Hudlin
168,Joe,Carnahan
169,Jim,Sheridan
170,Tinto,Brass
171,Toshiki,Satô
172,Michael,Lembeck
173,Dewey,Nicks
174,Lisa,Cholodenko
175,Aleksandr,Sokurov
176,Peter,Care
177,Robert,Harmon
178,Christophe,Ruggia
179,Harold,Ramis
180,Hideo,Nakata
181,Kevin,Bray
182,Austin,Chick
183,Jesse,Vaughan
184,Gus,Van Sant
185,Peter,Hastings
186,Luis,Mandoki
187,Rick,Famuyiwa
188,Craig,McCracken
189,William,Malone
190,Tom,Dey
191,Patricia,Cardoso
192,Liliana,Cavani
193,Aki,Kaurismäki
194,Paul,Greengrass
195,Catherine,Hardwicke
196,Richard,Linklater
197,Bernardo,Bertolucci
198,Jon,Favreau
199,Quentin,Tarantino
200,Donald,Petrie
201,Andrew,Stanton
202,Richard,Curtis
203,Todd,Phillips
204,P.J.,Hogan
205,Peter,Weir
206,Sofia,Coppola
207,Bong,Joon Ho
208,John,Singleton
209,Bo,Welch
210,Tim,Burton
211,Lana,Wachowski
212,Rob,Zombie
213,Bryan,Singer
214,Edward,Zwick
215,Rob,Schmidt
216,Patty,Jenkins
217,Len,Wiseman
218,Gary,Fleder
219,James,Mangold
220,Jonathan,Mostow
221,Tommy,Wiseau
222,David,R. Ellis
223,Nancy,Meyers
224,Mark,Steven Johnson
225,Mike,Newell
226,Clark,Johnson
227,Lars,von Trier
228,Anthony,Minghella
229,F.,Gary Gray
230,Stephen,Norrington
231,Peter,Berg
232,Mark,Waters
233,Jon,Amiel
234,Peter,Segal
235,Michael,Bay
236,David,Zucker
237,Ang,Lee
238,Bruno,Barreto
239,Vincent,Gallo
240,Marcus,Nispel
241,Antoine,Fuqua
242,Alexandre,Aja
243,Ronny,Yu
244,Aaron,Blaise
245,Roger,Donaldson
246,McG,
247,Tim,McCanlies
248,Jane,Campion
249,Jonathan,Liebesman
250,Kevin,Costner
251,Jesse,Dylan
252,Audrey,Wells
253,Peter,Webber
254,Alejandro,G. Iñárritu
255,William,Friedkin
256,Ron,Howard
257,Dennie,Gordon
258,Mathieu,Kassovitz
259,Steve,Carr
260,Prachya,Pinkaew
261,Peter,Howitt
262,Jim,Fall
263,Jee-woon,Kim
264,Ridley,Scott
265,Peyton,Reed
266,Alan,Parker
267,Jan,de Bont
268,Michael,Tollin
269,Jim,Jarmusch
270,Troy,Miller
271,Richard,Donner
272,Joe,Dante
273,Lawrence,Kasdan
274,Patrick,Gilmore
275,David,Dobkin
276,Casey,La Scala
277,John,Whitesell
278,Tom,McCarthy
279,James,Cox
280,Gary,Ross
281,Harald,Zwart
282,Terry,Zwigoff
283,Wolfgang,Becker
284,Vadim,Perelman
285,Martin,Brest
286,Aisling,Walsh
287,Philip,Saville
288,Christopher,Guest
289,David,McNally
290,Chris,Kentis
291,Joel,Coen
292,Bille,Woodruff
293,Dennis,Dugan
294,Billy,Ray
295,Mikael,Håfström
296,Nikkhil,Advani
297,Jonathan,Lynn
298,Bobby,Farrelly
299,Boaz,Yakin
300,Nigel,Cole
301,Uwe,Boll
302,Troy,Byer
303,Victor,Salva
304,Ron,Maxwell
305,Greg,Marcks
306,Jean-Baptiste,Andrea
307,Charles,Herman-Wurmfeld
308,David,Mackenzie
309,Eric,Till
310,Sylvain,Chomet
311,Mike,Figgis
312,Wayne,Kramer
313,Kim,Ki-duk
314,Sam,Weisman
315,Gordon,Chan
316,Yann,Samuell
317,Fenton,Bailey
318,Satoshi,Kon
319,Robert,Benton
320,Marco,Tullio Giordana
321,Gregor,Jordan
322,Isabel,Coixet
323,Paul,Feig
324,Andrey,Zvyagintsev
325,Shari,Springer Berman
326,Paul,Hunter
327,Andrzej,Bartkowiak
328,Daisuke,Gotô
329,David,Mickey Evans
330,C.,Jay Cox
331,William,Tannen
332,Takashi,Miike
333,Hector,Babenco
334,Rakesh,Roshan
335,Satish,Kaushik
336,Steve,Trenbirth
337,Reggie,Rock Bythewood
338,Anders,Thomas Jensen
339,Glen,Morgan
340,Andrew,Fleming
341,Ringo,Lam
342,Aleksi,Mäkelä
343,Takeshi,Kitano
344,Chris,Koch
345,Peter,Hedges
346,Ryan,Little
347,Joel,Viertel
348,Woody,Allen
349,Bruno,Dumont
350,Anne,Fontaine
351,Tim,Fywell
352,André,Téchiné
353,Keith,Gordon
354,Brian,Helgeland
355,James,Foley
356,Neil,LaBute
357,John,Crowley
358,Michael,Haneke
359,Nigel,Dick
360,Martin,Campbell
361,Gérard,Krawczyk
362,Carsten,Myllerup
363,Alec,Baldwin
364,Robert,Iscove
365,John,Eng
366,Nimród,Antal
367,Guy,Jenkin
368,Kenta,Fukasaku
369,Mel,Gibson
370,Michel,Gondry
371,Alfonso,Cuarón
372,Bibo,Bergeron
373,Wolfgang,Petersen
374,James,Wan
375,Hayao,Miyazaki
376,Luke,Greenfield
377,Brad,Bird
378,Keenen,Ivory Wayans
379,Mike,Nichols
380,Jared,Hess
381,Andrew,Adamson
382,Jeff,Schaffer
383,Edgar,Wright
384,Paul,Haggis
385,Rawson,Marshall Thurber
386,Tony,Scott
387,Roland,Emmerich
388,Oliver,Hirschbiegel
389,Brad,Anderson
390,Zach,Braff
391,Stephen,Sommers
392,Jon,Turteltaub
393,Brad,Silberling
394,Eric,Bress
395,Gary,Winick
396,Michael,Mann
397,Joseph,Ruben
398,Adam,McKay
399,Zack,Snyder
400,Jonathan,Hensleigh
401,Garry,Marshall
402,Alex,Proyas
403,Oliver,Stone
404,Gregg,Araki
405,Wes,Anderson
406,Matthew,Vaughn
407,Alexander,Witt
408,Trey,Parker
409,Tommy,O'Haver
410,David,S. Goyer
411,Mark,Rosman
412,Terry,George
413,Danny,Leiner
414,John,Hamburg
415,Stephen,Chow
416,Stephen,Hillenburg
417,David,Koepp
418,Kevin,Smith
419,Shane,Carruth
420,Jay,Chandrasekhar
421,Götz,Spielmann
422,Robert,Zemeckis
423,Pitof,
424,James,L. Brooks
425,Gavin,O'Connor
426,Taylor,Hackford
427,Brian,Dannelly
428,Forest,Whitaker
429,Marc,Forster
430,Catherine,Breillat
431,Shane,Meadows
432,Jonathan,Demme
433,Peter,Hewitt
434,Jessica,Sharzer
435,Jonathan,Glazer
436,Frank,Coraci
437,Martha,Coolidge
438,Jean-Pierre,Jeunet
439,Joe,Nussbaum
440,Guy,Ferland
441,Frank,Oz
442,Dwight,H. Little
443,Don,Mancini
444,Kar-Wai,Wong
445,Banjong,Pisanthanakun
446,Pawel,Pawlikowski
447,Bill,Condon
448,Chris,Stokes
449,Renny,Harlin
450,Mira,Nair
451,Walter,Salles
452,Asia,Argento
453,Fatih,Akin
454,Sara,Sugarman
455,Ethan,Coen
456,John,Waters
457,David,O. Russell
458,Andy,Cadiff
459,Angela,Robinson
460,Peter,Chelsom
461,Jacob,Estes
462,John,Moore
463,Nick,Love
464,Charles,Shyer
465,Joe,Johnston
466,Christophe,Honoré
467,Nicole,Kassell
468,Makoto,Shinkai
469,Philip,Kaufman
470,Christopher,Smith
471,Brian,Robbins
472,Will,Finn
473,Paul,McGuigan
474,Joseph,Kahn
475,Ashutosh,Gowariker
476,Kerry,Conran
477,Jessy,Terrero
478,Alejandro,Amenábar
479,Beeban,Kidron
480,Laurence,Dunmore
481,Sean,McNamara
482,Robert,Luketic
483,Kore-eda,Hirokazu
484,Michael,Radford
485,Richard,Loncraine
486,E.,Elias Merhige
487,Timur,Bekmambetov
488,Christophe,Barratier
489,Nicolas,Winding Refn
490,John,H. Lee
491,Nick,Palumbo
492,Pierre,Morel
493,Benny,Chan
494,Ryûhei,Kitamura
495,Howard,Deutch
496,Barry,Levinson
497,Alice,Wu
498,Tod,Williams
499,Michelangelo,Antonioni
500,Ernie,Barbarash
501,Omar,Naim
502,Yash,Chopra
503,Nick,Hurran
504,Todd,Solondz
505,Shainee,Gabel
506,Bart,Freundlich
507,David,Mamet
508,Rowdy,Herrington
509,Joe,Roth
510,Fruit,Chan
511,Bob,Clark
512,Gil,Junger
513,Mike,Leigh
514,Joshua,Marston
515,Paul,Weitz
516,Ziad,Doueiri
517,Dennis,Gansel
518,Chazz,Palminteri
519,Ömer,Faruk Sorak
520,Farhan,Akhtar
521,Kevin,Allen
522,Brett,Sullivan
523,Mamoru,Oshii
524,Dylan,Kidd
525,Joe,Wright
526,Francis,Lawrence
527,Frank,Miller
528,Mike,Mitchell
529,Judd,Apatow
530,James,McTeigue
531,Clement,Virgo
532,Rob,McKittrick
533,Lexi,Alexander
534,Eric,Darnell
535,Joss,Whedon
536,Darren,Lynn Bousman
537,Jaume,Collet-Serra
538,Thomas,Carter
539,Garth,Jennings
540,Bill,Paxton
541,Scott,Derrickson
542,Wes,Craven
543,Kirk,Jones
544,Ken,Kwapis
545,Darren,Grant
546,Tim,Sullivan
547,Shane,Black
548,Andrew,Douglas
549,Terrence,Malick
550,Greg,McLean
551,David,Slade
552,Mark,Dindal
553,Stewart,Raffill
554,Lawrence,Guterman
555,John,Pasquin
556,Clare,Kilner
557,Jason,Reitman
558,Terry,Gilliam
559,Breck,Eisner
560,John,Maybury
561,Bruce,Hunt
562,Rian,Johnson
563,Cory,Edwards
564,Iain,Softley
565,Karyn,Kusama
566,Steve,Box
567,Bennett,Miller
568,Robert,Schwentke
569,Ol,Parker
570,Noah,Baumbach
571,Barry,W. Blaustein
572,John,Gatins
573,Susan,Stroman
574,Lasse,Hallström
575,John,Gulager
576,Barbara,Kopple
577,Florent-Emilio,Siri
578,Stephen,Gaghan
579,Çagan,Irmak
580,Randal,Kleiser
581,Rob,Reiner
582,Craig,Brewer
583,George,A. Romero
584,Rupert,Wainwright
585,Cameron,Crowe
586,Thomas,Bezucha
587,Kevin,Rodney Sullivan
588,David,Ayer
589,Dean,Parisot
590,Jamie,Babbit
591,Atom,Egoyan
592,Mary,Harron
593,Jean-François,Richet
594,Hunter,Richards
595,Neil,Jordan
596,John,Turturro
597,John,Hillcoat
598,Nora,Ephron
599,Mark,Levin
600,John,Madden
601,Mike,Bigelow
602,Julian,Jarrold
603,Kôji,Shiraishi
604,Rebecca,Miller
605,Luc,Besson
606,Tony,Giglio
607,Stephen,Kay
608,Danny,Cannon
609,Luca,Guadagnino
610,Duncan,Tucker
611,Sydney,Pollack
612,Liev,Schreiber
613,John,Dahl
614,Scott,Ryan
615,Mike,Binder
616,Tetsuya,Nomura
617,Gary,David Goldberg
618,Les,Mayfield
619,Gary,Chapman
620,Pål,Sletaune
621,Geoffrey,Sax
622,Tommy,Lee Jones
623,Peter,Hyams
624,Jaume,Balagueró
625,Miranda,July
626,Dave,McKean
627,Ben,Younger
628,Jean-Marc,Vallée
629,Tim,Johnson
630,John,Lasseter
631,Christophe,Gans
632,Mike,Judge
633,Jonathan,Dayton
634,David,Frankel
635,Andy,Fickman
636,Betty,Thomas
637,James,Gunn
638,Florian,Henckel von Donnersmarck
639,J.J.,Abrams
640,Todd,Field
641,Sylvester,Stallone
642,Sean,Ellis
643,Gabriele,Muccino
644,Larry,Charles
645,Tom,Tykwer
646,James,Wong
647,Stefen,Fangmeier
648,Neil,Burger
649,Darren,Aronofsky
650,Tarsem,Singh
651,Steve,Pink
652,George,Miller
653,David,Lynch
654,Liam,Lynch
655,Gil,Kenan
656,Nicholaus,Goossen
657,Elizabeth,Allen Rosenbaum
658,John,Cameron Mitchell
659,Corey,Yuen
660,David,Bowers
661,Robert,De Niro
662,Mark,Neveldine
663,Alejandro,Agresti
664,Kevin,Macdonald
665,Richard,Eyre
666,Josh,Gordon
667,Roger,Allers
668,Anne,Fletcher
669,Richard,Kelly
670,Aaron,Seltzer
671,Carlos,Saldanha
672,Jessica,Bendinger
673,Ken,Loach
674,Ericson,Core
675,Guillaume,Canet
676,Paul,Verhoeven
677,John,Curran
678,Mark,Palansky
679,Michael,O. Sajbel
680,Chris,Noonan
681,Ryan,Fleck
682,Neil,Armfield
683,Olivier,Assayas
684,Hans,Horn
685,Werner,Herzog
686,William,Brent Bell
687,Ana,Kokkinos
688,Steven,Zaillian
689,Gregory,Dark
690,Gorô,Miyazaki
691,Jonathan,Levine
692,Frank,Marshall
693,Simon,West
694,John,A. Davis
695,Chris,Robinson
696,Doug,Atchison
697,James,Gartner
698,Anthony,Russo
699,Matthew,O'Callaghan
700,Kelly,Reichardt
701,Shûsuke,Kaneko
702,Greg,Coolidge
703,Phil,Joanou
704,Steve,'Spaz' Williams
705,John,Bonito
706,Adam,Green
707,Jim,Sonzero
708,Bob,Odenkirk
709,Ivan,Reitman
710,Tony,Bill
711,Tim,Hill
712,George,Hickenlooper
713,Goran,Dukic
714,Roar,Uthaug
715,Susannah,Grant
716,Mamoru,Hosoda
717,Tyler,Perry
718,Sarah,Polley
719,Jonathan,King
720,Emilio,Estevez
721,Allen,Coulter
722,Alex,Kendrick
723,Joachim,Trier
724,Susanne,Bier
725,Jody,Hill
726,Nicole,Holofcener
727,David,Von Ancken
728,Todd,Stephens
729,Milos,Forman
730,Wil,Shriner
731,Tony,Goldwyn
732,Liz,Friedlander
733,Bryan,Barber
734,Joachim,Rønning
735,Bob,Dolman
736,Michel,Hazanavicius
737,Karan,Johar
738,Greg,Mottola
739,Frank,Darabont
740,Richard,Schenkman
741,David,Yates
742,Gregory,Wilson
743,Sean,Penn
744,Gabor,Csupo
745,Ben,Affleck
746,Kevin,Lima
747,Chris,Miller
748,Andrew,Dominik
749,David,Leland
750,Xavier,Gens
751,Juan,Carlos Fresnadillo
752,Tony,Gilroy
753,Stephen,J. Anderson
754,Jason,Friedberg
755,Richard,LaGravenese
756,Akiva,Schaffer
757,Oren,Peli
758,Craig,Gillespie
759,Simon,J. Smith
760,Sidney,Lumet
761,John,Erick Dowdle
762,Russell,Mulcahy
763,John,Carney
764,David,Ross
765,Mitchell,Lichtenstein
766,J.A.,Bayona
767,Scott,Hicks
768,Aamir,Khan
769,Joby,Harold
770,Ash,Brannon
771,Colin,Strause
772,Tom,Kalin
773,Doug,Lefler
774,Alexandre,Bustillo
775,Kirsten,Sheridan
776,David,Silverman
777,Mark,Helfrich
778,Michael,Davis
779,Bruce,A. Evans
780,James,Gray
781,Adrienne,Shelly
782,J.P.,Schaefer
783,Jacob,Ennis
784,Michael,Dougherty
785,Anton,Corbijn
786,Kevin,Munroe
787,Philip,G. Atwell
788,Martin,Weisz
789,Steve,Bendelack
790,Rob,Schneider
791,Olivier,Dahan
792,David,Nerlich
793,Julian,Gilbey
794,Nacho,Vigalondo
795,José,Padilha
796,Sergei,Bodrov
797,Scott,Wiper
798,Julian,Schnabel
799,Amy,Heckerling
800,Vincent,Paronnaud
801,David,Mackay
802,Martin,Gero
803,Robert,Ben Garant
804,Eric,Amadio
805,Robert,Redford
806,Marcos,Siega
807,Cristian,Mungiu
808,Jon,Avnet
809,David,Schwimmer
810,Franck,Khalfoun
811,Céline,Sciamma
812,Mennan,Yapo
813,Jonah,Markowitz
814,Robin,Swicord
815,Michael,Katleman
816,Peter,Flinth
817,Zach,Helm
818,Sylvain,White
819,Dave,Meyers
820,Deborah,Kampmeier
821,Alan,Ball
822,Gavin,Hood
823,Preston,A. Whitmore II
824,Jonathan,Kasdan
825,Talia,Lugacy
826,Hyung-rae,Shim
827,Farah,Khan
828,Frederik,Du Chau
829,Chris,Sivertson
830,Thom,Eberhardt
831,Scott,Frank
832,Masayuki,
833,Masahiro,Andô
834,Armen,Oganezov
835,Sean,Anders
836,Martin,McDonagh
837,Phyllida,Lloyd
838,Fred,Wolf
839,Ben,Stiller
840,Pascal,Laugier
841,Mark,Osborne
842,Matt,Reeves
843,Justin,Chadwick
844,Nicholas,Stoller
845,Steve,McQueen
846,Eric,Brevig
847,Mark,Herman
848,Wilson,Yip
849,James,Watkins
850,Bryan,Bertino
851,Dave,Filoni
852,David,Gordon Green
853,Christian,Molina
854,Byron,Howard
855,Jeff,Wadlow
856,Craig,Mazin
857,Tomas,Alfredson
858,Saul,Dibb
859,Nick,Moore
860,David,Wain
861,Carter,Smith
862,Eric,Valette
863,Adam,Brooks
864,Charlie,Kaufman
865,David,Hackl
866,Jimmy,Hayward
867,Michael,Patrick King
868,Kent,Alterman
869,Masayuki,Ochiai
870,Baz,Luhrmann
871,John,Patrick Shanley
872,Tom,Kuntz
873,Nelson,McCormick
874,Eliseo,Subiela
875,Joel,Anderson
876,Howard,McCain
877,Gina,Prince-Bythewood
878,Ric,Roman Waugh
879,Na,Hong-jin
880,Toby,Wilkins
881,Paul,Weiland
882,John,Glenn
883,Marco,Schnabel
884,Kenny,Ortega
885,Sanaa,Hamri
886,Tom,Vaughan
887,Robert,B. Weide
888,Makoto,Kamiya
889,Randall,Miller
890,Clark,Gregg
891,Jon,Hurwitz
892,Ed,Harris
893,Dan,Ireland
894,Michael,McCullers
895,Olivier,Megaton
896,Rodrigo,García
897,Peter,Sollett
898,Hansol,Shin
899,Frédéric,Forestier
900,Jon,M. Chu
901,Jennifer,Flackett
902,David,Moreau
903,Shamim,Sarif
904,Bharat,Nalluri
905,Bruce,McDonald
906,Matteo,Garrone
907,Pete,Travis
908,Marcel,Langenegger
909,Peter,Cattaneo
910,Chris,Carter
911,Greta,Gerwig
912,Sion,Sono
913,Adam,Jay Epstein
914,Paul,Morrison
915,Guillermo,Arriaga
916,Jay,Lee
917,Lori,Petty
918,A.R.,Murugadoss
919,Darnell,Martin
920,Nikolai,Müllerschön
921,Uli,Edel
922,Brillante,Mendoza
923,Dany,Boon
924,S.R.,Bindler
925,Stephan,Elliott
926,Yôjirô,Takita
927,Diane,English
928,Tom,Putnam
929,Marcel,Sarmiento
930,Sam,Fell
931,George,C. Wolfe
932,Seth,Gordon
933,Jeff,Lew
934,Cyrus,Nowrasteh
935,James,Cameron
936,Tom,Six
937,Ruben,Fleischer
938,Henry,Selick
939,Pete,Docter
940,Marc,Webb
941,Rajkumar,Hirani
942,Neill,Blomkamp
943,Jaco,Van Dormael
944,Christian,Alvart
945,Yorgos,Lanthimos
946,Vincenzo,Natali
947,Niels,Arden Oplev
948,Duncan,Jones
949,Juan,José Campanella
950,Dennis,Iliadis
951,Phil,Lord
952,Peter,Billingsley
953,Lee,Daniels
954,William,Dear
955,Stuart,Hazeldine
956,Rob,Letterman
957,Ricky,Gervais
958,Shane,Acker
959,Marcus,Dunstan
960,Troy,Duffy
961,Ti,West
962,Adam,Elliot
963,Steve,Shill
964,Charles,Guard
965,Kevin,Greutert
966,Lone,Scherfig
967,Kieran,Mulroney
968,Tom,Ford
969,Drew,Barrymore
970,Scott,Cooper
971,Armando,Iannucci
972,Patrick,Tatopoulos
973,Marian,Dora
974,George,Tillman Jr.
975,Kyle,Newman
976,Stewart,Hendler
977,Neal,Brennan
978,Olatunde,Osunsanmi
979,Sean,Byrne
980,Glenn,Ficarra
981,Zach,Cregger
982,Patrick,Lussier
983,Sam,Taylor-Johnson
984,Jacques,Audiard
985,Will,Gluck
986,Andrea,Arnold
987,Michael,Spierig
988,Daniel,Alfredson
989,Takeshi,Koike
990,Jon,Harris
991,Grant,Heslov
992,Hoyt,Yeatman
993,Agnieszka,Wojtowicz-Vosloo
994,David,Pastor
995,Alfonso,Albacete
996,Scott,Sanders
997,Daniel,Barber
998,Ben,Ramsey
999,Peter,Cornwell
1000,Phil,Claydon
1001,Phil,Traill
1002,Derrick,Borte
1003,Tommy,Wirkola
1004,Chris,Fisher
1005,Kevin,Heffernan
1006,Aluizio,Abranches
1007,Sebastian,Gutierrez
1008,Bo,Zenga
1009,Bertrand,Tavernier
1010,Simon,Ellis
1011,Jordan,Scott
1012,Tomm,Moore
1013,Daniel,Monzón
1014,Thor,Freudenthal
1015,Jesús,Garay
1016,Bobcat,Goldthwait
1017,Timothy,Linh Bui
1018,Srdjan,Spasojevic
1019,Julio,Medem
1020,Nathan,Greno
1021,Joseph,Kosinski
1022,Pierre,Coffin
1023,Derek,Cianfrance
1024,Steven,R. Monroe
1025,Denis,Villeneuve
1026,Lee,Unkrich
1027,Steve,Antin
1028,Tom,Hooper
1029,Scott,Stewart
1030,Eli,Craig
1031,Albert,Hughes
1032,Ryan,Murphy
1033,Tom,McGrath
1034,Im,Sang-soo
1035,Anand,Tucker
1036,Christopher,Morris
1037,Jim,Field Smith
1038,Ethan,Maniquis
1039,Debra,Granik
1040,Floria,Sigismondi
1041,Samuel,Bayer
1042,James,Rabbitts
1043,Gareth,Edwards
1044,John,Luessenhop
1045,Hiromasa,Yonebayashi
1046,Benedek,Fliegauf
1047,Rodrigo,Cortés
1048,Alan,Poul
1049,Stevan,Mena
1050,Susanna,White
1051,Jeong-beom,Lee
1052,Richard,Ayoade
1053,André,Øvredal
1054,James,Nguyen
1055,Massy,Tadjedin
1056,Fernando,González Molina
1057,Andrew,Jarecki
1058,Julie,Anne Robinson
1059,Géla,Babluani
1060,David,Michôd
1061,Tetsuya,Nakashima
1062,Taika,Waititi
1063,Nicole,Conn
1064,William,Monahan
1065,Quentin,Dupieux
1066,Silvio,Soldini
1067,Anna,Boden
1068,Greg,Berlanti
1069,Panos,Cosmatos
1070,Abe,Sylvia
1071,Mike,Mills
1072,Casey,Affleck
1073,Andrew,Traucki
1074,Álex,de la Iglesia
1075,John,Carpenter
1076,Jorma,Taccone
1077,Daniel,Stamm
1078,Miguel,Sapochnik
1079,John,Wells
1080,Luis,Estrada
1081,Naoto,Kumazawa
1082,Jalmari,Helander
1083,Nanette,Burstein
1084,Fernanda,Cardoso
1085,Paul,T. Scheuring
1086,Stuart,Beattie
1087,Dae-woo,Kim
1088,Larysa,Kondracki
1089,Lucifer,Valentine
1090,Cheol-soo,Jang
1091,Antony,Cordier
1092,Shana,Feste
1093,Troy,Nixey
1094,Jacob,Tierney
1095,Michael,Rowe
1096,Nicholas,Tomnay
1097,Tate,Taylor
1098,Matthijs,van Heijningen Jr.
1099,Rupert,Wyatt
1100,Julia,Leigh
1101,Olivier,Nakache
1102,Tony,Kaye
1103,Drew,Goddard
1104,Michael,Goi
1105,Kenneth,Branagh
1106,J.C.,Chandor
1107,Gareth,Evans
1108,Laurent,Bouhnik
1109,Lynne,Ramsay
1110,Brad,Furman
1111,John,Michael McDonagh
1112,Steven,Quale
1113,Adam,Wingard
1114,Jennifer,Yuh Nelson
1115,Asghar,Farhadi
1116,George,Nolfi
1117,Cary,Joji Fukunaga
1118,Ben,Palmer
1119,Alexandra-Therese,Keining
1120,Derick,Martini
1121,James,Bobin
1122,Sean,Durkin
1123,Andrés,Baiz
1124,Jeff,Nichols
1125,Rod,Lurie
1126,Dominic,Sena
1127,Drake,Doremus
1128,Christian,E. Christiansen
1129,Ben,Wheatley
1130,Philippe,Diaz
1131,Chris,Gorak
1132,Joe,Cornish
1133,Gary,McKendry
1134,Mike,Cahill
1135,Justin,Kurzel
1136,Jirí,Vejdelek
1137,Elliott,Lester
1138,Hwang,Dong-hyuk
1139,Dexter,Fletcher
1140,Morten,Tyldum
1141,Andrew,Haigh
1142,Ralph,Fiennes
1143,Colin,Minihan
1144,Jason,Eisener
1145,Bruce,Robinson
1146,Bertrand,Bonello
1147,Simon,Curtis
1148,Nick,Murphy
1149,Zoya,Akhtar
1150,Jamie,Linden
1151,Daniel,Barnz
1152,Adam,Rehmeier
1153,Joe,Swanberg
1154,Gonzalo,López-Gallego
1155,Malgorzata,Szumowska
1156,Jonathan,English
1157,Yoshikazu,Katô
1158,Alex,Gregory
1159,Jesse,Peretz
1160,Madonna,
1161,Bavo,Defurne
1162,Kenneth,Lonergan
1163,Antti,J. Jokinen
1164,Takahiro,Ômori
1165,David,Trueba
1166,Daniel,Nettheim
1167,Kriv,Stenders
1168,Jason,Winer
1169,Thomas,Vinterberg
1170,Harmony,Korine
1171,Jason,Moore
1172,Stephen,Chbosky
1173,Chris,Renaud
1174,Genndy,Tartakovsky
1175,Christopher,McQuarrie
1176,Seth,MacFarlane
1177,Rowan,Athale
1178,Mark,Andrews
1179,Rich,Moore
1180,Mark,Tonderai
1181,Nima,Nourizadeh
1182,Brad,Peyton
1183,Peter,Ramsey
1184,Rupert,Sanders
1185,Timo,Vuorensola
1186,Josh,Trank
1187,Daniel,Espinosa
1188,Michael,Sucsy
1189,Lisa,Azuelos
1190,Dan,Bradley
1191,Craig,Zobel
1192,Stephen,Elliott
1193,Steve,Martino
1194,Matt,Bettinelli-Olpin
1195,Richard,Bates Jr.
1196,Oriol,Paulo
1197,Don,Hertzfeldt
1198,David,Palmer
1199,Scott,Schirmer
1200,Jennifer,Lynch
1201,Colin,Trevorrow
1202,Pat,Holden
1203,Jen,Soska
1204,Lorene,Scafaria
1205,Mabrouk,El Mechri
1206,Leslye,Headland
1207,Robert,Lorenz
1208,David,Guy Levy
1209,Kimble,Rendall
1210,Asger,Leth
1211,Ariel,Vromen
1212,Måns,Mårlind
1213,Brandon,Cronenberg
1214,Ole,Bornedal
1215,Dae-seung,Kim
1216,Josh,Boone
1217,Maja,Milos
1218,Brian,Klugman
1219,Keishi,Otomo
1220,Mike,McCoy
1221,Henry,Alex Rubin
1222,Katie,Aselton
1223,Leos,Carax
1224,Ben,Lewin
1225,Dario,Argento
1226,Henry,Joost
1227,Sacha,Gervasi
1228,Chris,Butler
1229,Nikolaj,Arcel
1230,Sean,Garrity
1231,Peter,Lord
1232,Xavier,Villaverde
1233,Baltasar,Kormákur
1234,Sean,Baker
1235,David,Brooks
1236,Nicholas,Jarecki
1237,Josh,Radnor
1238,RZA,
1239,Adrian,Grunberg
1240,Felix,van Groeningen
1241,Scott,Speer
1242,Marialy,Rivas
1243,Anthony,Hemingway
1244,Nicholas,McCarthy
1245,James,Mather
1246,Benh,Zeitlin
1247,Stig,Svendsen
1248,Heitor,Dhalia
1249,Bradley,Parker
1250,Justin,Benson
1251,Anurag,Kashyap
1252,Lee,Toland Krieger
1253,Ramaa,Mosley
1254,Fisher,Stevens
1255,Eoin,Macken
1256,Philipp,Stölzl
1257,Filip,Marczewski
1258,Kevin,O'Neill
1259,Antonio,Negret
1260,Barry,Battles
1261,Lawrence,Kasanoff
1262,Richard,LeMay
1263,Jake,Schreier
1264,Laurent,Tirard
1265,Pascal,Arnold
1266,Fede,Alvarez
1267,Maggie,Carey
1268,Abdellatif,Kechiche
1269,James,Ward Byrkit
1270,Dan,Mazer
1271,Chris,Buck
1272,Elizabeth,Banks
1273,Evan,Goldberg
1274,James,DeMonaco
1275,Carl,Rinsch
1276,Alan,Taylor
1277,Jordan,Vogt-Roberts
1278,Joseph,Gordon-Levitt
1279,Kimberly,Peirce
1280,Charlie,Stratton
1281,Mike,Flanagan
1282,Andy,Muschietti
1283,Kirk,DeMicco
1284,Dan,Scanlon
1285,Brian,Percival
1286,David,Soren
1287,James,Ponsoldt
1288,Gemma,Mc Carthy
1289,Steven,Knight
1290,Ron,Krauss
1291,Paolo,Sorrentino
1292,Nat,Faxon
1293,Giuseppe,Tornatore
1294,Jon,S. Baird
1295,Sherry,Hormann
1296,Rob,Epstein
1297,Stephan,Lacant
1298,Cody,Cameron
1299,Jason,Bateman
1300,Zalman,King
1301,Scott,Walker
1302,Damien,Leone
1303,Joey,Soloway
1304,John,Krokidas
1305,Carlo,Carlei
1306,Michael,Tiddes
1307,Destin,Daniel Cretton
1308,Jonathan,Teplitzky
1309,Nick,Morris
1310,Tina,Gordon
1311,Ruairi,Robinson
1312,Klay,Hall
1313,Leslie,Greif
1314,Amma,Asante
1315,Ryan,Coogler
1316,Gia,Coppola
1317,Sebastián,Cordero
1318,Jeremy,Saulnier
1319,Stephen,Reynolds
1320,Joshua,Michael Stern
1321,Isao,Takahata
1322,Allen,Hughes
1323,Keanu,Reeves
1324,Antonio,Zavala Kugler
1325,Ken,Scott
1326,Joe,Lynch
1327,Don,Scardino
1328,Douglas,Aarniokoski
1329,Justin,Zackham
1330,Charles,Band
1331,Joon-ik,Lee
1332,Simon,Barrett
1333,Alex,van Warmerdam
1334,Eugenio,Derbez
1335,Alain,Guiraudie
1336,Liz,W. Garcia
1337,Ritesh,Batra
1338,Jerusha,Hess
1339,Peter,Landesman
1340,Chad,Stahelski
1341,Damien,Chazelle
1342,Alex,Garland
1343,Dan,Gilroy
1344,Wes,Ball
1345,Patrick,Hughes
1346,David,Robert Mitchell
1347,Don,Hall
1348,Jennifer,Kent
1349,Christian,Ditter
1350,Jemaine,Clement
1351,Robert,Stromberg
1352,Angelina,Jolie
1353,Paul,King
1354,James,Marsh
1355,Theodore,Melfi
1356,Michael,Hoffman
1357,Noam,Murro
1358,Christopher,Spencer
1359,Damián,Szifron
1360,Patrick,Brice
1361,Spencer,Snygg
1362,Ruben,Östlund
1363,Anthony,DiBlasi
1364,Gary,Shore
1365,Adam,Robitel
1366,John,R. Leonetti
1367,Scott,Waugh
1368,Michaël,R. Roskam
1369,Chris,Evans
1370,Vic,Armstrong
1371,R.J.,Cutler
1372,Wally,Pfister
1373,Ate,de Jong
1374,Tim,Garrick
1375,Jorge,R. Gutiérrez
1376,Matthew,Warchus
1377,Carol,Morley
1378,Richard,Glatzer
1379,Xavier,Dolan
1380,Harold,Cronk
1381,Sam,Miller
1382,Bill,Pohlad
1383,Severin,Fiala
1384,Stiles,White
1385,Anja,Marquardt
1386,Jonathan,Milott
1387,Levan,Gabriadze
1388,William,Eubank
1389,Yann,Demange
1390,Robert,Nathan
1391,Jordan,Rubin
1392,Michael,Feifer
1393,Tom,Gormican
1394,Damon,Beesley
1395,Erik,Van Looy
1396,Borja,Brun
1397,Baran,bo Odar
1398,Ava,DuVernay
1399,Max,Giwa
1400,Fellipe,Barbosa
1401,Rob,Thomas
1402,Scott,Foley
1403,Rowan,Joffe
1404,Alan,Rickman
1405,Peter,Strickland
1406,Nick,Cannon
1407,Kristian,Levring
1408,Amy,Berg
1409,Ana,Lily Amirpour
1410,David,Hayter
1411,Josh,Stolberg
1412,Ben,Falcone
1413,Marjane,Satrapi
1414,Grégory,Levasseur
1415,Michael,Cuesta
1416,Siva,
1417,Trish,Sie
1418,Leigh,Janiak
1419,Adam,MacDonald
1420,Kevin,Kölsch
1421,Akiva,Goldsman
1422,Gabe,Ibáñez
1423,Graham,Annable
1424,Jeff,Baena
1425,Ryan,Gosling
1426,Max,Nichols
1427,Robert,Eggers
1428,Lenny,Abrahamson
1429,Hannes,Holm
1430,John,Francis Daley
1431,S.,Craig Zahler
1432,Peter,Sohn
1433,Joel,Edgerton
1434,Kyle,Balda
1435,Gregory,Jacobs
1436,Christopher,Landon
1437,Jeremy,LaLonde
1438,Afonso,Poyart
1439,Doug,Campbell
1440,S.S.,Rajamouli
1441,Levan,Bakhia
1442,Fouad,Mikati
1443,Ari,Sandel
1444,Doug,Ellin
1445,Florian,Gallenberger
1446,Aleksander,Bach
1447,Stephen,Cognetti
1448,Jocelyn,Moorhouse
1449,Shinji,Higuchi
1450,Todd,Strauss-Schulson
1451,Ilya,Naishuller
1452,Jeremy,Garelick
1453,Tyler,Shields
1454,Gilles,Paquet-Brenner
1455,Aaron,Hann
1456,Leigh,Whannell
1457,Alfonso,Gomez-Rejon
1458,Marielle,Heller
1459,Agnieszka,Smoczynska
1460,Etan,Cohen
1461,Matt,Duffer
1462,Neeraj,Ghaywan
1463,Stephen,Fingleton
1464,Antoinette,Beumer
1465,Kyle,Patrick Alvarez
1466,David,Wnendt
1467,Matt,Brown
1468,Can,Evrenol
1469,Paul,Tibbitt
1470,Adam,Schindler
1471,Nicholas,Hytner
1472,Isaac,Gabaeff
1473,Christian,Cantamessa
1474,Ciarán,Foy
1475,Dean,Israelite
1476,Oz,Perkins
1477,Terry,Jones
1478,Roni,Ezra
1479,Nishikant,Kamat
1480,Rupert,Goold
1481,Sebastian,Schipper
1482,Paul,Hyett
1483,R.D.,Braunstein
1484,Scott,Mann
1485,Jon,Cassar
1486,Will,Slocombe
1487,Anne,Sewitsky
1488,Jared,Cohn
1489,Kevin,Goetz
1490,Kabir,Khan
1491,Paco,Cabezas
1492,Anthony,Burns
1493,Michael,Almereyda
1494,Brian,James O'Connell
1495,Duke,Johnson
1496,Henry,Hobson
1497,Martin,Zandvliet
1498,Max,Joseph
1499,Maïwenn,
1500,Jon,Drever
1501,Indar,Dzhendubaev
1502,Courtney,Hunt
1503,Tim,Miller
1504,David,F. Sandberg
1505,Thea,Sharrock
1506,Sang-ho,Yeon
1507,Barry,Jenkins
1508,Martin,Koolhoven
1509,Dan,Trachtenberg
1510,Matt,Ross
1511,April,Mullen
1512,Daniel,Kwan
1513,Conrad,Vernon
1514,Kelly,Fremon Craig
1515,J,Blakeson
1516,Garth,Davis
1517,Pavel,Ruminov
1518,Naoko,Yamada
1519,Julia,Ducournau
1520,Anna,Foerster
1521,Alessandro,Carloni
1522,Babak,Najafi
1523,Chris,Peckover
1524,Ross,Katz
1525,Cedric,Nicolas-Troyan
1526,Dave,Green
1527,Jon,Lucas
1528,William,Oldroyd
1529,Anna,Biller
1530,Jake,Szymanski
1531,Jason,Zada
1532,Clay,Kaytis
1533,Nitesh,Tiwari
1534,Michael,J. Gallagher
1535,Luke,Scott
1536,Stephen,Hopkins
1537,Patricia,Riggen
1538,Nicolas,Pesce
1539,Nic,Mathieu
1540,Michael,Thurmeier
1541,Elizabeth,Wood
1542,Travis,Knight
1543,Eleanor,Coppola
1544,Alex,Ranarivelo
1545,Rob,Burnett
1546,Colm,McCarthy
1547,David,Lowery
1548,Gee,Malik Linton
1549,Jeremy,Gillespie
1550,Peter,Atencio
1551,Pablo,Larraín
1552,Matthias,Hoene
1553,Bruce,Beresford
1554,Woo-Ping,Yuen
1555,Hideaki,Anno
1556,Eric,Summer
1557,Antonio,Campos
1558,Rob,Diamond
1559,Shintaro,Shimosawa
1560,David,L. Hunt
1561,Liam,Gavin
1562,Roger,Spottiswoode
1563,Fabio,Guaglione
1564,Paolo,Genovese
1565,Michael,Grandage
1566,Brian,Baugh
1567,David,Leveaux
1568,Amat,Escalante
1569,Sam,Liu
1570,Jodie,Foster
1571,Gerard,Barrett
1572,Jordan,Peele
1573,Michael,Gracey
1574,Taylor,Sheridan
1575,Jon,Watts
1576,Alex,Kurtzman
1577,Sebastián,Lelio
1578,David,Leitch
1579,Aaron,Sorkin
1580,David,Bruckner
1581,Dean,Devlin
1582,Hang-jun,Jang
1583,Benny,Safdie
1584,Chris,McKay
1585,Brian,Fee
1586,Sergio,G. Sánchez
1587,Michael,Noer
1588,James,Franco
1589,Zak,Hilditch
1590,Charlie,McDowell
1591,Matt,Spicer
1592,Trey,Edward Shults
1593,Lucio,A. Rojas
1594,Maxim,Ford
1595,Baz,Poonpiriya
1596,Johannes,Roberts
1597,Francis,Lee
1598,Elijah,Bynum
1599,Hallie,Meyers-Shyer
1600,William,H. Macy
1601,Macon,Blair
1602,Tony,Leondis
1603,Coralie,Fargeat
1604,Fernando,Coimbra
1605,Takanori,Tsujimoto
1606,Brian,Taylor
1607,Lucia,Aniello
1608,Paco,Plaza
1609,Dee,Rees
1610,Michael,Showalter
1611,Ben,Howling
1612,Dax,Shepard
1613,Marti,Noxon
1614,Brian,K. Williams
1615,Ry,Russo-Young
1616,Hany,Abu-Assad
1617,Andy,Serkis
1618,Richie,Keen
1619,Jon,Gunn
1620,Mark,Dennis
1621,Charlie,Bean
1622,Dorota,Kobiela
1623,Sarik,Andreasyan
1624,Léa,Mysius
1625,Benny,Boom
1626,Fabio,Meira
1627,Eliza,Hittman
1628,#VALUE!,#VALUE!
1629,Max,Winkler
1630,Jeremy,Dyson
1631,Alain,Desrochers
1632,Fenar,Ahmad
1633,F.,Javier Gutiérrez
1634,Stella,Meghie
1635,Taran,Killam
1636,Roxanne,Benjamin
1637,Cory,Finley
1638,Demián,Rugna
1639,Brent,Bonacorso
1640,Will,Wernick
1641,Abhay,Chopra
1642,Hun,Jang
1643,Jayson,Thiessen
1644,Cate,Shortland
1645,Tali,Shalom-Ezer
1646,Adam,Rifkin
1647,Matt,Eskandari
1648,Ari,Aster
1649,Bob,Persichetti
1650,Peter,Farrelly
1651,Steven,Caple Jr.
1652,John,Krasinski
1653,Bradley,Cooper
1654,Jeff,Tomsic
1655,Aneesh,Chaganty
1656,Jonah,Hill
1657,Lee,Chang-dong
1658,Bill,Holderman
1659,Christopher,Caldwell
1660,Stefano,Sollima
1661,Christian,Gudegast
1662,Nadine,Labaki
1663,Corin,Hardy
1664,Josie,Rourke
1665,Donovan,Marsh
1666,Otto,Bathurst
1667,Phil,Johnston
1668,Vince,Marcello
1669,Danishka,Esterhazy
1670,Julius,Avery
1671,Brian,Newell
1672,Boots,Riley
1673,Veena,Sud
1674,Christian,Rivers
1675,Nicolai,Fuglsig
1676,Park,Hoon-jung
1677,Axelle,Laffont
1678,Julius,Onah
1679,Steven,S. DeKnight
1680,Claire,Denis
1681,Susan,Johnson
1682,Matthew,Ross
1683,Richard,Shepard
1684,Brendan,Steere
1685,Jung,Bum-shik
1686,Claire,Scanlon
1687,Kristoffer,Nyholm
1688,Rahi,Anil Barve
1689,Annabel,Jankel
1690,Ben,Young
1691,Bo,Burnham
1692,Bethany,Ashton Wolf
1693,Timo,Tjahjanto
1694,Joe,Penna
1695,Prashanth,Neel
1696,Andrew,Hyatt
1697,Kay,Cannon
1698,Shin'ichirô,Ushijima
1699,Anthony,Maras
1700,Gustav,Möller
1701,David,Raymond
1702,Ali,Abbasi
1703,David,M. Rosenthal
1704,Jeffrey,Nachmanoff
1705,Duncan,Skiles
1706,Zach,Lipovsky
1707,Mimi,Leder
1708,Susanna,Fogel
1709,Olaf,de Fleur Johannesson
1710,Andrew,Erwin
1711,Wash,Westmoreland
1712,David,Amito
1713,David,Kerr
1714,Kevin,Connolly
1715,Rene,Eller
1716,Ramin,Bahrani
1717,Dan,Fogelman
1718,Guy,Nattiv
1719,Jonathan,Baker
1720,Assaf,Bernstein
1721,Daniel,Goldhaber
1722,Drew,Pearce
1723,Robert,Smigel
1724,Abby,Kohn
1725,Carlos,López Estrada
1726,Kyle,Newacheck
1727,Yarrow,Cheney
1728,Jesse,V. Johnson
1729,Lukas,Dhont
1730,Desiree,Akhavan
1731,Victor,Levin
1732,Wayne,Roberts
1733,Vaughn,Stein
1734,Sam,Levinson
1735,Diederik,Van Rooijen
1736,Mathew,Cullen
1737,Gerard,McMurray
1738,Adam,Randall
1739,Jenny,Gage
1740,Giuseppe,Capotondi
1741,Stephen,Merchant
1742,Galder,Gaztelu-Urrutia
1743,Nahnatchka,Khan
1744,Lorcan,Finnegan
1745,Vince,Gilligan
1746,Craig,Roberts
1747,Justin,Dec
1748,May,el-Toukhy
1749,Darius,Marder
1750,Josh,Cooley
1751,Simon,Kinberg
1752,Justin,Baldoni
1753,Tyler,Nilson
1754,Dome,Karukoski
1755,Lou,Jeunet
1756,James,Kent
1757,Olivia,Wilde
1758,Michael,Engler
1759,Elise,Durán
1760,Jim,Mickle
1761,Jeff,Tremaine
1762,Gene,Stupnitsky
1763,Saeed,Roustayi
1764,Farhad,Safinia
1765,Agnieszka,Holland
1766,Jason,Howden
1767,Joe,Berlinger
1768,Josh,Lobo
1769,Claudia,Myers
1770,Nigina,Sayfullaeva
1771,Richard,Stanley
1772,Peter,Sullivan
1773,Rose,Glass
1774,Frant,Gwo
1775,Chris,Foggin
1776,Andrea,Di Stefano
1777,Scott,Beck
1778,David,Yarovesky
1779,Scott,Z. Burns
1780,Edward,Norton
1781,Siddharth,Anand
1782,Grant,Sputore
1783,Michael,Chaves
1784,Hans,Petter Moland
1785,Lee,Cronin
1786,Nick,Bruno
1787,Greg,Tiernan
1788,Scott,Aukerman
1789,Gary,Dauberman
1790,Miles,Joris-Peyrafitte
1791,Abe,Forsythe
1792,Kasi,Lemmons
1793,Chris,Addison
1794,Gail,Mancuso
1795,Thurop,Van Orman
1796,Carlo,Mirabella-Davis
1797,Gabriela,Cowperthwaite
1798,Jennifer,Kaytin Robinson
1799,Jeff,Chan
1800,Judy,Naidoo
1801,Lokesh,Kanagaraj
1802,Christian,Volckman
1803,Sergio,Pablos
1804,Shannon,Murphy
1805,Todd,Robinson
1806,Nzingha,Stewart
1807,Brian,Kirk
1808,Karen,Maine
1809,Brett,Pierce
1810,Oleg,Stepchenko
1811,Melina,Matsoukas
1812,Ciro,Guerra
1813,Egor,Baranov
1814,Chiwetel,Ejiofor
1815,Neasa,Hardiman
1816,William,Nicholson
1817,Gideon,Raff
1818,Tyler,Cornack
1819,Stéphane,Demoustier
1820,Alma,Har'el
1821,Mehmet,Ada Öztekin
1822,Lulu,Wang
1823,Andrew,Patterson
1824,Francesco,Cinquemani
1825,Roxann,Dawson
1826,Won-Tae,Lee
1827,Jan,Komasa
1828,Emerald,Fennell
1829,Barbara,Bialowas
1830,Sam,Hargrave
1831,Cathy,Yan
1832,Jeff,Fowler
1833,Lee,Isaac Chung
1834,Thomas,Kail
1835,Florian,Zeller
1836,Harry,Bradbeer
1837,Max,Barbakow
1838,Remi,Weekes
1839,Chris,Sanders
1840,Autumn,de Wilde
1841,Haruo,Sotozaki
1842,Tyler,Spindel
1843,Chung-Hyun,Lee
1844,Aaron,Schneider
1845,Chloé,Zhao
1846,Michael,Matthews
1847,Mitja,Okorn
1848,Kornél,Mundruczó
1849,Walt,Dohrn
1850,Adil,El Arbi
1851,Joel,Crawford
1852,David,Prior
1853,Dominic,Cooke
1854,Dave,Franco
1855,Jacob,Chase
1856,Dave,Wilson
1857,John,Hyams
1858,Maïmouna,Doucouré
1859,Jason,Woliner
1860,Mark,Williams
1861,Lawrence,Michael Levine
1862,Emma,Seligman
1863,Brett,Haley
1864,Michael,Cristofer
1865,Robert,Connolly
1866,Mikael,Marcimain
1867,Liz,Garbus
1868,Janicza,Bravo
1869,Rob,Savage
1870,Greg,Barker
1871,Lance,Hool
1872,Jon,Stewart
1873,Mona,Fastvold
1874,Silvio,Nacucchi
1875,Il,Cho
1876,Brandon,Trost
1877,Daniel,Calparsoro
1878,Clea,DuVall
1879,Glen,Keane
1880,Robin,Pront
1881,Francis,Annan
1882,Ángel,Gómez Hernández
1883,Roman,Perfilyev
1884,Seth,Larney
1885,Kyle,Rankin
1886,Zoe,Lister-Jones
1887,BC,Fourteen
1888,Gerard,Bush
1889,Rachel,Lee Goldenberg
1890,Jessica,Swale
1891,Andrew,Levitas
1892,Tony,Cervone
1893,Eugene,Kotlyarenko
1894,Anna,Mastro
1895,Roseanne,Liang
1896,Eliza,Schroeder
1897,Elissa,Down
1898,Sara,Colangelo
1899,Damian,Mc Carthy
1900,Brannon,Braga
1901,Dean,Craig
1902,William,Olsson
1903,Sydney,Sibilia
1904,Dimitri,Logothetis
1905,Steven,Kostanski
1906,Jonathan,Jakubowicz
1907,Cooper,Karl
1908,Justin,G. Dyck
1909,Barnaby,Thompson
1910,Philippa,Lowthorpe
1911,Reinaldo,Marcus Green
1912,George,Gallo
1913,Marc,Munden
1914,Marco,Pontecorvo
1915,Danielle,Arbid
1916,Danis,Tanovic
1917,Emmanuel,Osei-Kuffour
1918,Maciej,Barczewski
1919,Adam,Mason
1920,Edson,Oda
1921,James,D'Arcy
1922,Braden,R. Duemmler
1923,Steve,Crowhurst
1924,Clark,Duke
1925,Sean,Hoessli
1926,Mark,Toia
1927,Richard,Tanne
1928,Viggo,Mortensen
1929,Jarand,Herdal
1930,Regina,King
1931,Elisabeth,Röhm
1932,Jared,Bush
1933,Michael,Mohan
1934,Megan,Park
1935,Ninja,Thyberg
1936,Lisa,Joy
1937,Sian,Heder
1938,Simon,McQuoid
1939,Michael,Sarnoski
1940,Dean,Fleischer Camp
1941,Jeymes,Samuel
1942,Nia,DaCosta
1943,Enrico,Casarosa
1944,Michael,Mailer
1945,Evan,Spiliotopoulos
1946,Kevin,Lewis
1947,Bradley,Walsh
1948,Maggie,Gyllenhaal
1949,Mike,P. Nelson
1950,Matthias,Schweighöfer
1951,Castille,Landon
1952,Rob,Jabbaz
1953,Michael,Rianda
1954,Philip,Barantini
1955,Aku,Louhimies
1956,Robin,Wright
1957,Ryûsuke,Hamaguchi
1958,Nora,Fingscheidt
1959,Aron,Gaudet
1960,Eskil,Vogt
1961,Valdimar,Jóhannsson
1962,Randall,Emmett
1963,Lin-Manuel,Miranda
1964,Mark,Raso
1965,Augustine,Frizzell
1966,Simon,Stone
1967,Navot,Papushado
1968,Potsy,Ponciroli
1969,Cal,Brunker
1970,Phil,Tippett
1971,Richard,Correll
1972,Han,Jae-rim
1973,Peter,Winther
1974,Christoffer,Boe
1975,Rodo,Sayagues
1976,Peter,Hutchings
1977,Everardo,Gout
1978,Christian,Schwochow
1979,Shaka,King
1980,Santiago,Menghini
1981,Clay,Tarver
1982,Stephen,Karam
1983,Tim,Kirkby
1984,Matt,Angel
1985,Alejandro,Hidalgo
1986,Peter,Thorwarth
1987,Anna,Elizabeth James
1988,Tim,Fehlbaum
1989,Hamish,Grieve
1990,Yang,Lu
1991,Audrey,Diwan
1992,Sarah,Smith
1993,Will,Sharpe
1994,Peeter,Rebane
1995,Seong-Hu,Park
1996,Harry,Cripps
1997,Adam,Salky
1998,Josh,Greenbaum
1999,Mariano,Cohn
2000,Camille,Griffin
2001,Chris,Appelhans
2002,Yelena,Popovic
2003,Sukumar,
2004,Lluís,Ortega
2005,Tanya,Wexler
2006,Magnus,Martens
2007,Amy,Poehler
2008,T.J.,Gnanavel
2009,S.K.,Dale
2010,Lindsay,Gossling
